tweet,Sentiment
bihar divas ki hardik shubhkamanaye
bihar divas
‡§¨‡§ø‡§π‡§æ‡§∞ ‡§¶‡§ø‡§µ‡§∏ ‡§ï‡•á ‡§Ö‡§µ‡§∏‡§∞ ‡§™‡§∞ ‡§∏‡§Æ‡§∏‡•ç‡§§ ‡§¨‡§ø‡§π‡§æ‡§∞‡§µ‡§æ‡§∏‡§ø‡§Ø‡•ã‡§Ç ‡§ï‡•ã ‡§π‡§æ‡§∞‡•ç‡§¶‡§ø‡§ï ‡§¨‡§ß‡§æ‡§à ‡§è‡§µ‡§Ç ‡§∂‡•Å‡§≠‡§ï‡§æ‡§Æ‡§®‡§æ‡§è‡§Ç‡•§ officecmbihar biharlabourresourcesdept bihar bihardivas ‡§¨‡§ø‡§π‡§æ‡§∞‡§¶‡§ø‡§µ‡§∏
today bihar celebrate 113bihardivas 22march2025
‡§¨‡§ø‡§π‡§æ‡§∞ ‡§¶‡§ø‡§µ‡§∏ ‡§ï‡•á ‡§Ö‡§µ‡§∏‡§∞ ‡§™‡§∞ ‡§∏‡§Æ‡§∏‡•ç‡§§ ‡§¨‡§ø‡§π‡§æ‡§∞‡§µ‡§æ‡§∏‡§ø‡§Ø‡•ã‡§Ç ‡§ï‡•ã ‡§π‡§æ‡§∞‡•ç‡§¶‡§ø‡§ï ‡§¨‡§ß‡§æ‡§à ‡§è‡§µ‡§Ç ‡§∂‡•Å‡§≠‡§ï‡§æ‡§Æ‡§®‡§æ‡§è‡§Ç‡•§ biharenergydept bsphcl ‡§µ‡§ø‡§¶‡•ç‡§Ø‡•Å‡§§‡§ó‡§§‡§ø‡§∏‡•á‡§¨‡§¢‡§º‡§§‡§æ‡§¨‡§ø‡§π‡§æ‡§∞ bihar bihardivas ‡§¨‡§ø‡§π‡§æ‡§∞‡§¶‡§ø‡§µ‡§∏
‡§¨‡§ø‡§π‡§æ‡§∞‡§ø‡§Ø‡•ã‡§Ç ‡§ï‡•ã ‡§¨‡§ø‡§π‡§æ‡§∞ ‡§¶‡§ø‡§µ‡§∏ ‡§ï‡•Ä ‡§π‡§æ‡§∞‡•ç‡§¶‡§ø‡§ï ‡§∂‡•Å‡§≠‡§ï‡§æ‡§Æ‡§®‡§æ‡§Ø‡•á ü•∞ special thanks to imbihar01 for this special gift to our motherland bihar  biharkikahani bihardiwas bihardivas ‡§¨‡§ø‡§π‡§æ‡§∞‡§¶‡§ø‡§µ‡§∏2025
heartfelt greetings on glorious bihar diwas bihar the land that gave the world its first democracy discovered zero and spread the message of nonviolence and wisdom continues to take pride in its rich heritage this is the land of buddha mahavira chanakya and emperor
ulfaindependent issues threat against bihar divas celebrations on march 22 in tinsukia all these morons can do is target the hindi bhashi community of assam do they have the guts to even question the illegal bangladeshi miyas in the state
bihar divas  bihardiwas ‡§¨‡§ø‡§π‡§æ‡§∞‡§¶‡§ø‡§µ‡§∏ bihardiwas2025 bihar
unnat bihar viksit bihar 2025 bihardivas
24 ‡§Æ‡§æ‡§∞‡•ç‡§ö ‡§ï‡•ã ‡§¨‡§ø‡§π‡§æ‡§∞ ‡§Ü ‡§∞‡§π‡•Ä ‡§π‡•à‡§Ç sugandha mishra bihar diwas ‡§ï‡•á ‡§Ö‡§µ‡§∏‡§∞ ‡§™‡§∞ ‡§∏‡§ú‡§æ‡§è‡§Ç‡§ó‡•Ä ‡§π‡§Ç‡§∏‡•Ä ‡§ï‡•Ä ‡§Æ‡§π‡§´‡§ø‡§≤ reelsvideo bihar sugandhamishra ‡§Ö‡§®‡•ç‡§Ø ‡§ñ‡§¨‡§∞‡•ã‡§Ç ‡§ï‡•á ‡§≤‡§ø‡§è ‡§á‡§∏ ‡§≤‡§ø‡§Ç‡§ï ‡§™‡§∞ ‡§ï‡•ç‡§≤‡§ø‡§ï ‡§ï‡§∞‡•á‡§Ç
‡§ï‡§∞‡•ç‡§Æ ‡§ß‡§∞‡•ç‡§Æ ‡§î‡§∞ ‡§ú‡•ç‡§û‡§æ‡§® ‡§ï‡•Ä ‡§™‡§æ‡§µ‡§® ‡§≠‡•Ç‡§Æ‡§ø ‡§¨‡§ø‡§π‡§æ‡§∞ ‡§ï‡•á ‡§π‡§Æ‡§æ‡§∞‡•á ‡§∏‡§Æ‡§∏‡•ç‡§§ ‡§≠‡§æ‡§à‡§¨‡§π‡§®‡•ã‡§Ç ‡§ï‡•ã ‡§¨‡§ø‡§π‡§æ‡§∞ ‡§∏‡•ç‡§•‡§æ‡§™‡§®‡§æ ‡§¶‡§ø‡§µ‡§∏ ‡§ï‡•Ä ‡§Ü‡§§‡•ç‡§Æ‡•Ä‡§Ø ‡§¨‡§ß‡§æ‡§à bihardivas ‡§¨‡§ø‡§π‡§æ‡§∞‡§¶‡§ø‡§µ‡§∏ ‡§¨‡§ø‡§π‡§æ‡§∞‡§¶‡§ø‡§µ‡§∏2025
bihar divas ki shubhkamana
lady behind madhubani art the pride of bihar sita devi  manasroychannel
bihar divas
‡§¨‡§ø‡§π‡§æ‡§∞ ‡§ï‡•Ä ‡§∏‡§Æ‡•É‡§¶‡•ç‡§ß‡§ø ‡§∏‡§Ç‡§∏‡•ç‡§ï‡•É‡§§‡§ø ‡§∏‡§≠‡•ç‡§Ø‡§§‡§æ ‡§ú‡•ç‡§û‡§æ‡§® ‡§î‡§∞ ‡§ï‡§≤‡§æ ‡§∏‡§¶‡§ø‡§Ø‡•ã‡§Ç ‡§∏‡•á ‡§≠‡§æ‡§∞‡§§ ‡§ï‡§æ ‡§Æ‡§æ‡§® ‡§¨‡§¢‡§º‡§æ‡§Ø‡§æ ‡§π‡•à ‡§î‡§∞ ‡§¶‡§ø‡§∂‡§æ ‡§¶‡§ø‡§ñ‡§æ‡§à ‡§π‡•à‡•§ ‡§∏‡§≠‡•Ä ‡§™‡•ç‡§∞‡§¶‡•á‡§∂ ‡§µ‡§æ‡§∏‡§ø‡§Ø‡•ã‡§Ç ‡§ï‡•ã ‡§¨‡§ø‡§π‡§æ‡§∞ ‡§¶‡§ø‡§µ‡§∏ ‡§ï‡§ø ‡§π‡§æ‡§∞‡•ç‡§¶‡§ø‡§ï ‡§∂‡•Å‡§≠‡§ï‡§æ‡§Æ‡§®‡§æ‡§è  bihardivas
bihar divas ki hardik shubhkamnaye jai bihar
apart from the hindu vs muslim issue none of the points were about the economy happy bihar divas bhole bhale pahadiyon
happy bihar divas to all my bihari friends may lord ram bless you with lots of gobhi
on the auspicious occasion of bihar divas we the teachers of bihar demand transfer biharteachertransfer biharteachertransfer biharteacherstransfer nitishkumar sidarths
bihar divas ki hardik shubhkamanaye
bihar divas
‡§¨‡§ø‡§π‡§æ‡§∞ ‡§¶‡§ø‡§µ‡§∏ ‡§ï‡•á ‡§Ö‡§µ‡§∏‡§∞ ‡§™‡§∞ ‡§∏‡§Æ‡§∏‡•ç‡§§ ‡§¨‡§ø‡§π‡§æ‡§∞‡§µ‡§æ‡§∏‡§ø‡§Ø‡•ã‡§Ç ‡§ï‡•ã ‡§π‡§æ‡§∞‡•ç‡§¶‡§ø‡§ï ‡§¨‡§ß‡§æ‡§à ‡§è‡§µ‡§Ç ‡§∂‡•Å‡§≠‡§ï‡§æ‡§Æ‡§®‡§æ‡§è‡§Ç‡•§ officecmbihar biharlabourresourcesdept bihar bihardivas ‡§¨‡§ø‡§π‡§æ‡§∞‡§¶‡§ø‡§µ‡§∏
today bihar celebrate 113bihardivas 22march2025
‡§¨‡§ø‡§π‡§æ‡§∞ ‡§¶‡§ø‡§µ‡§∏ ‡§ï‡•á ‡§Ö‡§µ‡§∏‡§∞ ‡§™‡§∞ ‡§∏‡§Æ‡§∏‡•ç‡§§ ‡§¨‡§ø‡§π‡§æ‡§∞‡§µ‡§æ‡§∏‡§ø‡§Ø‡•ã‡§Ç ‡§ï‡•ã ‡§π‡§æ‡§∞‡•ç‡§¶‡§ø‡§ï ‡§¨‡§ß‡§æ‡§à ‡§è‡§µ‡§Ç ‡§∂‡•Å‡§≠‡§ï‡§æ‡§Æ‡§®‡§æ‡§è‡§Ç‡•§ biharenergydept bsphcl ‡§µ‡§ø‡§¶‡•ç‡§Ø‡•Å‡§§‡§ó‡§§‡§ø‡§∏‡•á‡§¨‡§¢‡§º‡§§‡§æ‡§¨‡§ø‡§π‡§æ‡§∞ bihar bihardivas ‡§¨‡§ø‡§π‡§æ‡§∞‡§¶‡§ø‡§µ‡§∏
‡§¨‡§ø‡§π‡§æ‡§∞‡§ø‡§Ø‡•ã‡§Ç ‡§ï‡•ã ‡§¨‡§ø‡§π‡§æ‡§∞ ‡§¶‡§ø‡§µ‡§∏ ‡§ï‡•Ä ‡§π‡§æ‡§∞‡•ç‡§¶‡§ø‡§ï ‡§∂‡•Å‡§≠‡§ï‡§æ‡§Æ‡§®‡§æ‡§Ø‡•á ü•∞ special thanks to imbihar01 for this special gift to our motherland bihar  biharkikahani bihardiwas bihardivas ‡§¨‡§ø‡§π‡§æ‡§∞‡§¶‡§ø‡§µ‡§∏2025
heartfelt greetings on glorious bihar diwas bihar the land that gave the world its first democracy discovered zero and spread the message of nonviolence and wisdom continues to take pride in its rich heritage this is the land of buddha mahavira chanakya and emperor
ulfaindependent issues threat against bihar divas celebrations on march 22 in tinsukia all these morons can do is target the hindi bhashi community of assam do they have the guts to even question the illegal bangladeshi miyas in the state
bihar divas  bihardiwas ‡§¨‡§ø‡§π‡§æ‡§∞‡§¶‡§ø‡§µ‡§∏ bihardiwas2025 bihar
unnat bihar viksit bihar 2025 bihardivas
24 ‡§Æ‡§æ‡§∞‡•ç‡§ö ‡§ï‡•ã ‡§¨‡§ø‡§π‡§æ‡§∞ ‡§Ü ‡§∞‡§π‡•Ä ‡§π‡•à‡§Ç sugandha mishra bihar diwas ‡§ï‡•á ‡§Ö‡§µ‡§∏‡§∞ ‡§™‡§∞ ‡§∏‡§ú‡§æ‡§è‡§Ç‡§ó‡•Ä ‡§π‡§Ç‡§∏‡•Ä ‡§ï‡•Ä ‡§Æ‡§π‡§´‡§ø‡§≤ reelsvideo bihar sugandhamishra ‡§Ö‡§®‡•ç‡§Ø ‡§ñ‡§¨‡§∞‡•ã‡§Ç ‡§ï‡•á ‡§≤‡§ø‡§è ‡§á‡§∏ ‡§≤‡§ø‡§Ç‡§ï ‡§™‡§∞ ‡§ï‡•ç‡§≤‡§ø‡§ï ‡§ï‡§∞‡•á‡§Ç
‡§ï‡§∞‡•ç‡§Æ ‡§ß‡§∞‡•ç‡§Æ ‡§î‡§∞ ‡§ú‡•ç‡§û‡§æ‡§® ‡§ï‡•Ä ‡§™‡§æ‡§µ‡§® ‡§≠‡•Ç‡§Æ‡§ø ‡§¨‡§ø‡§π‡§æ‡§∞ ‡§ï‡•á ‡§π‡§Æ‡§æ‡§∞‡•á ‡§∏‡§Æ‡§∏‡•ç‡§§ ‡§≠‡§æ‡§à‡§¨‡§π‡§®‡•ã‡§Ç ‡§ï‡•ã ‡§¨‡§ø‡§π‡§æ‡§∞ ‡§∏‡•ç‡§•‡§æ‡§™‡§®‡§æ ‡§¶‡§ø‡§µ‡§∏ ‡§ï‡•Ä ‡§Ü‡§§‡•ç‡§Æ‡•Ä‡§Ø ‡§¨‡§ß‡§æ‡§à bihardivas ‡§¨‡§ø‡§π‡§æ‡§∞‡§¶‡§ø‡§µ‡§∏ ‡§¨‡§ø‡§π‡§æ‡§∞‡§¶‡§ø‡§µ‡§∏2025
bihar divas ki shubhkamana
lady behind madhubani art the pride of bihar sita devi  manasroychannel
bihar divas
‡§¨‡§ø‡§π‡§æ‡§∞ ‡§ï‡•Ä ‡§∏‡§Æ‡•É‡§¶‡•ç‡§ß‡§ø ‡§∏‡§Ç‡§∏‡•ç‡§ï‡•É‡§§‡§ø ‡§∏‡§≠‡•ç‡§Ø‡§§‡§æ ‡§ú‡•ç‡§û‡§æ‡§® ‡§î‡§∞ ‡§ï‡§≤‡§æ ‡§∏‡§¶‡§ø‡§Ø‡•ã‡§Ç ‡§∏‡•á ‡§≠‡§æ‡§∞‡§§ ‡§ï‡§æ ‡§Æ‡§æ‡§® ‡§¨‡§¢‡§º‡§æ‡§Ø‡§æ ‡§π‡•à ‡§î‡§∞ ‡§¶‡§ø‡§∂‡§æ ‡§¶‡§ø‡§ñ‡§æ‡§à ‡§π‡•à‡•§ ‡§∏‡§≠‡•Ä ‡§™‡•ç‡§∞‡§¶‡•á‡§∂ ‡§µ‡§æ‡§∏‡§ø‡§Ø‡•ã‡§Ç ‡§ï‡•ã ‡§¨‡§ø‡§π‡§æ‡§∞ ‡§¶‡§ø‡§µ‡§∏ ‡§ï‡§ø ‡§π‡§æ‡§∞‡•ç‡§¶‡§ø‡§ï ‡§∂‡•Å‡§≠‡§ï‡§æ‡§Æ‡§®‡§æ‡§è  bihardivas
bihar divas ki hardik shubhkamnaye jai bihar
apart from the hindu vs muslim issue none of the points were about the economy happy bihar divas bhole bhale pahadiyon
happy bihar divas to all my bihari friends may lord ram bless you with lots of gobhi
on the auspicious occasion of bihar divas we the teachers of bihar demand transfer biharteachertransfer biharteachertransfer biharteacherstransfer nitishkumar sidarths
